{
    "accuracy": 0.7878787878787878,
    "precision": 0.8243243243243243,
    "recall": 0.8840579710144928,
    "f1": 0.8531468531468531,
    "roc_auc": 0.7927536231884058,
    "confusion_matrix": [
        [
            17,
            13
        ],
        [
            8,
            61
        ]
    ]
}