{
    "accuracy": 0.7878787878787878,
    "precision": 0.8243243243243243,
    "recall": 0.8840579710144928,
    "f1": 0.8531468531468531,
    "roc_auc": 0.7927536231884058,
    "confusion_matrix": [
        [
            17,
            13
        ],
        [
            8,
            61
        ]
    ],
    "classification_report": {
        "0": {
            "precision": 0.68,
            "recall": 0.5666666666666667,
            "f1-score": 0.6181818181818182,
            "support": 30.0
        },
        "1": {
            "precision": 0.8243243243243243,
            "recall": 0.8840579710144928,
            "f1-score": 0.8531468531468531,
            "support": 69.0
        },
        "accuracy": 0.7878787878787878,
        "macro avg": {
            "precision": 0.7521621621621621,
            "recall": 0.7253623188405798,
            "f1-score": 0.7356643356643356,
            "support": 99.0
        },
        "weighted avg": {
            "precision": 0.7805896805896806,
            "recall": 0.7878787878787878,
            "f1-score": 0.7819453273998729,
            "support": 99.0
        }
    },
    "training_time_seconds": 0.012746209045872092
}